file,text,number,hex
test9.csv,dQQvG
test9.csv,gExTvlitqmOklET,418750462,2ab9d8bc6df681b8a3637a00b00da1cf
test9.csv,V,414246,a1e404b067537a35e2c5643d3cb74113
test9.csv,nGrqxpqMLRQrNJhwLzxtLhJvWZ,28,7be610e4fbd1b2038c24ecdefc54f67a
test9.csv,HnEtDzEBTCmstkFuwsYDsdhJiE,02439,20963c7799af35064faa815658ca96ce
test9.csv,PYHJ,778,72e5dbc1040966f002174000c06a5aca
test9.csv,ZkZEsyN,336268,792f3adab466de7074dc82c5b5210b55
test9.csv,DjOIGNYaeUXm,72,66aa4f3328f22542787dc24aade13698
test9.csv,hfzklHxm,01,a58c7e4edc74d1b3c187e7a250fe6a5f,,
test9.csv,Kw,20
test9.csv,EfgxJDLTdKsOAEWUd,5407669716,3478d15cfe4521ac6a1225d0ce1f3a53
test9.csv,QRYAOlhWR,81523,ce672ff210d7dfd7befdaa4af8d416af